state_name,city_name,product_name,margin_price,fuel_price,final_price,created_at,updated_at,scraped_at
Western Australia,Perth,Diesel,-0.0117,2.551,2.5393,2025-01-23T00:05:26.000000Z,2026-01-13T00:16:35.000000Z,2026-09-30T12:46:40Z
Western Australia,Perth,Premium - 98,0.0086,2.4877000000000002,2.4963,2025-01-23T00:05:26.000000Z,2026-01-13T00:16:35.000000Z,2026-09-30T12:46:40Z
Western Australia,Perth,Blended E10,0.0000,0,--,2025-01-23T00:05:26.000000Z,2025-01-23T01:04:15.000000Z,2026-09-30T12:46:40Z
Western Australia,Perth,Unleaded 91 (ULP),-0.0058,2.2913,2.2855,2025-01-23T00:05:26.000000Z,2026-01-13T00:16:35.000000Z,2026-09-30T12:46:40Z
Western Australia,Perth,Pulp - 95,0.0045,2.3913,2.3958,2025-01-23T00:05:26.000000Z,2026-01-13T00:16:35.000000Z,2026-09-30T12:46:40Z
Queensland,Brisbane,Diesel,0.0615,2.5295,2.591,2025-01-23T00:05:26.000000Z,2025-07-23T10:31:46.000000Z,2026-09-30T12:46:40Z
Queensland,Brisbane,Premium - 98,0.1807,2.4158,2.5965,2025-01-23T00:05:26.000000Z,2025-07-23T10:31:46.000000Z,2026-09-30T12:46:40Z
Queensland,Brisbane,Blended E10,0.0639,2.2233,2.2872,2025-01-23T00:05:26.000000Z,2025-07-24T10:15:55.000000Z,2026-09-30T12:46:40Z
Queensland,Brisbane,Unleaded 91 (ULP),0.0609,2.2251,2.286,2025-01-23T00:05:26.000000Z,2025-07-24T10:12:57.000000Z,2026-09-30T12:46:40Z
Queensland,Brisbane,Pulp - 95,0.0729,2.3534,2.4263,2025-01-23T00:05:26.000000Z,2025-07-23T10:31:46.000000Z,2026-09-30T12:46:40Z
Victoria,Melbourne,Diesel,0.0189,2.5318,2.5507,2025-07-18T15:27:30.000000Z,2025-07-24T10:12:57.000000Z,2026-09-30T12:46:40Z
Victoria,Melbourne,Premium - 98,0.1489,2.4042,2.5531,2025-07-18T15:27:30.000000Z,2025-07-25T09:41:43.000000Z,2026-09-30T12:46:40Z
Victoria,Melbourne,Blended E10,0.0376,2.2149,2.2525,2025-07-18T15:27:30.000000Z,2025-07-24T10:15:55.000000Z,2026-09-30T12:46:40Z
Victoria,Melbourne,Unleaded 91 (ULP),0.0299,2.2373,2.2672,2025-07-18T15:27:30.000000Z,2025-07-24T10:12:57.000000Z,2026-09-30T12:46:40Z
Victoria,Melbourne,Pulp - 95,0.0249,2.3442,2.3691,2025-07-18T15:27:30.000000Z,2025-07-24T10:12:57.000000Z,2026-09-30T12:46:40Z
